file number,file name,qubit 1 state,qubit 2 state,qubit 3 state,qubit 4 state
1,0008b6bb-cfca-4bfc-baf1-7af3c8e90a9f.png,1,1,1,1
2,0073af85-f0bf-4dfb-a656-822dfc5b8654.png,1,1,1,1
3,008a7fd9-7f0a-44c5-9c5a-a16286f66663.png,1,1,1,1
4,00cf8c15-5b7f-4a37-8f2d-441081838382.png,1,1,1,1
5,00ea7024-ed52-4389-9605-84c980e57140.png,1,1,1,0
6,011da22f-6890-4af5-9f42-facd87e2d75b(1).png,1,0,1,1
7,011da22f-6890-4af5-9f42-facd87e2d75b.png,1,0,1,1
8,016d296c-1d46-49e8-8dd1-cd77134400f2.png,1,1,1,0
9,0184d918-da35-49f3-ae0f-57d7a78e4d3d.png,1,1,1,0
10,019c6be3-0e3b-493b-8697-d1345abf7564.png,1,0,0,0
11,01c08d8c-3878-4880-a64f-c4a09e0e7a72.png,1,1,0,0
12,01d32d0a-7e7d-4e2f-abbd-1f7be37f5a88.png,1,0,0,1
13,02185365-6f56-40cd-85b3-8d3614577106.png,1,1,1,1
14,02b44765-3bef-4b7d-8c93-2269c316b343.png,1,1,1,1
15,02ee49a9-95ef-4a30-82fb-e1078575f6e9.png,0,1,1,1
16,030dc968-48d6-4454-b076-c82d0cc223bd.png,1,1,1,1
17,033dd5b4-e842-45be-bf1f-c15228200e0a.png,1,1,1,1
18,04a28ee8-ec58-44d7-a0f1-448b3ba0a530.png,1,1,1,1
19,05315dc0-f32e-45d9-9051-471fc360f37e.png,1,1,1,1
20,05814ff3-ad6e-4034-bb16-21cfc9fadc3c.png,1,1,0,1
21,05acd6d4-89e7-4c8f-a67e-87d182b08be6.png,0,1,1,1
22,05c9d261-43f6-48f2-b524-66b3939465bc.png,1,1,1,1
23,05e15a34-8769-40e2-a2b1-10df0f33c251.png,1,1,1,0
24,0602bf23-aa03-4557-9d17-e8b234345c7b.png,1,1,1,1
25,0615eaa5-5742-4689-ba4b-a5fbb8b4a0fd.png,1,1,1,1
26,061aa50c-b57a-4904-b2d1-545126326304.png,1,1,1,1
27,0642ecc6-5c57-4560-ada7-c30b7f18cc57.png,1,1,0,1
28,06516c1f-bb43-4e9a-9557-d7263b6144ab.png,1,1,1,0
29,066d7d01-1b7f-42a2-a66e-3644bcb8399c.png,1,1,1,1
30,066ed85a-a4a1-4b0b-9831-a263afe7bd70.png,1,1,0,0
31,0671024b-b1be-4113-b6d8-99c81feee3ac.png,1,1,0,1
32,067102d7-d3c0-49c7-aa4c-3b4067233027.png,1,0,1,0
33,069a4a5d-b100-412d-a1b6-b6ca75b067dd.png,1,1,1,1
34,06fb1323-1f26-496b-b0b5-25b0f59771de.png,1,1,0,1
35,073a3d91-d65f-4b62-a8a0-0dd36dd965b6.png,0,1,1,1
36,074e398a-4599-4dfa-96bc-b5f7d8916a9d.png,1,1,1,1
37,07bb3fe4-6709-45db-8a9a-f299973b209e.png,1,1,1,1
38,07be0b36-3611-4d67-bb66-3079ddd4d95c.png,1,1,0,1
39,0834e2eb-9e6f-4dcb-8e44-d553de2b8224.png,1,1,0,1
40,094d26cf-d98c-4f92-bce8-c3f67cacdd4f.png,0,1,0,1
41,094f1c6c-b410-4ca1-936f-a9008837e9a2.png,1,1,1,1
42,0956d2d0-5d13-4ef7-97d2-285621255b62.png,1,0,1,1
43,09816278-c6ad-4363-8790-10c170d3f13b.png,0,1,1,1
44,09bd783f-7acc-41e4-bf15-75bfc651b4eb.png,1,1,1,1
45,0a0a423e-a44f-43e3-b034-2a8d8ba8d2ce.png,0,1,1,0
46,0a638003-651f-4ee9-8f7e-32eb9c5ea585.png,1,1,1,1
47,0a6f13e7-1de1-4422-85fd-33c54a126ac5(1).png,1,1,1,1
48,0a6f13e7-1de1-4422-85fd-33c54a126ac5.png,1,1,1,1
49,0ab2f67e-27dc-4922-a554-24ebf96e3948.png,1,1,1,1
50,0ada0810-16be-4bcf-a34c-bc306facb4f3.png,0,1,1,1
51,0bc3d0eb-05fc-41bd-bb09-724be6cd0e16.png,0,1,1,1
52,0c123e60-88a6-4fed-b6a0-73580e7c1b6c.png,1,0,1,1
53,0c4430f0-e5e6-4733-8924-338d46288a00.png,1,1,1,1
54,0c659d22-e5f1-4fe1-9a4a-99dfc217d2d0.png,1,1,1,1
55,0cbc50b2-e0cd-4420-a8ca-3dd10b891c7a.png,0,1,0,0
56,0cc7c1b1-e62c-4d77-a5ce-7f1dd467bddc.png,1,0,1,0
57,0d158aed-d8f5-42f0-89bd-c08211c9af81.png,1,1,1,1
58,0d539857-40e7-462b-a6df-baa5717edc20.png,1,1,1,0
59,0d676420-aa26-4f0f-97b8-cf5e1c87b371.png,1,0,1,1
60,0d9bb760-2750-48e1-b0e0-9b6385331c22.png,1,1,1,1
61,0e1b9ddd-56e8-4e93-a250-e5706f95bbd5.png,1,1,1,1
62,0e61e20b-e476-4555-8fd7-54a348e903f4.png,1,1,1,1
63,0e7b84e8-07fe-4f56-8f09-44d4a0722ace.png,1,0,1,1
64,0efce1f0-df0a-4ec9-87ed-077caa6cb555.png,0,1,1,0
65,0efecb36-e22b-4131-b82c-929d6814fb24.png,1,1,1,1
66,0f1ef869-4992-4a1a-af0d-9ed7dbc8d0fc.png,1,1,1,1
67,0f37ecc6-4a35-4e5a-b920-5eb72cd1c2c5.png,0,1,1,1
68,0f730d57-7113-49c8-90b0-a835f9096ba9.png,1,1,1,1
69,1014fc2a-597c-4d3f-b0be-49a5b94b4a8a.png,1,1,1,1
70,10355e36-8591-48f3-bd4a-3e0ae7849cb8.png,1,1,1,1
71,10785d03-59a8-46e7-96b4-eec532530610(1).png,1,1,1,1
72,10785d03-59a8-46e7-96b4-eec532530610.png,1,1,1,1
73,10b1a0d4-2bae-4903-995c-664044b8e3ce.png,1,1,1,1
74,113dfaa5-a028-4226-a1b5-a0cd6761e338.png,1,1,0,1
75,118cd350-3125-4982-a018-bc8becaccf76(1).png,1,0,1,1
76,118cd350-3125-4982-a018-bc8becaccf76.png,1,0,1,1
77,11996503-d9c9-4457-aff6-4764dc6c24e3.png,0,1,1,1
78,11a172c0-bf07-41ba-b1a7-005cbf64a251.png,1,1,1,1
79,11a40b07-d5a9-4f55-a119-a8585f07452f.png,1,1,0,1
80,11d0ca82-3866-4129-b631-6fec571c3c2c.png,1,0,1,1
81,123cf209-20ea-49f3-81ba-223a70c80f28.png,1,0,0,0
82,12c7ef53-80cf-47ef-865e-ad8e4bfce32c.png,1,1,0,1
83,12e6ff0d-5d86-4105-8c6f-16e5a11da8d9.png,1,0,0,1
84,133fce9b-24ca-48c7-96f3-43df564dbaa0.png,1,1,1,1
85,135fcbb2-cf59-4c8e-b48e-51d7e9fb6aa8.png,1,1,1,0
86,142786cc-1d8f-4a69-b313-b77fabbdfe62.png,1,1,0,1
87,142c47c6-adc5-42b5-b7b7-69df1e0c6bb0.png,1,1,1,0
88,14a98877-878c-439f-a5f9-1580e2762bb2.png,1,1,1,1
89,14b12fd8-2c4b-41bf-a357-51d501cf6614.png,1,1,0,1
90,15c6c0af-7f7b-4980-a4ba-3f2107f3079b.png,0,1,1,1
91,15e53b5d-9500-4ada-95bf-a023ba6c1da6.png,1,1,1,1
92,175c3ea1-e0e9-47ae-a1a6-6c56c36e4298.png,0,1,1,1
93,17d691ef-5748-4d36-81df-58959e4d7d51.png,1,0,1,1
94,1813bf7c-24cc-4af0-a032-b70cfa74fbfa.png,1,0,1,1
95,1863dd47-46e7-44a3-ae6b-7bf0c46b78f5.png,0,0,0,0
96,195a9023-4df1-42af-bd8c-be6224e252c6.png,1,1,1,1
97,1a38f65e-c188-4535-8641-b4b143783b33.png,1,1,0,0
98,1a5a0661-bc6f-4e5b-81c1-50e781395bdf.png,1,1,0,1
99,1a5d05dc-39e6-408f-bd00-b027d68c8e36.png,0,1,1,0
100,1a97493a-bbc3-4835-af9c-c6109d02bcb4.png,1,1,1,1
101,1aa04d61-f88b-46f1-b21b-5b5498c0ae78.png,1,1,1,1
102,1ab34c9c-6826-42ba-8c2b-7d24043811fe.png,0,1,1,1
103,1ac35ddc-f5fb-46b5-9c4f-c80211949963.png,1,1,1,0
104,1b33f964-2a79-4db9-a797-a4899822747e.png,0,1,1,1
105,1b594bcf-2059-4f19-b9a5-94b375fddbe3.png,1,0,0,1
106,1c27c1e2-9785-42cf-981d-2f8a1c4aa2b0.png,1,1,1,1
107,1c38eabf-e0ca-4595-9ec7-962c4d4d38d9.png,0,1,1,1
108,1c545986-50bd-4202-b215-6532c0c686f8.png,1,1,1,1
109,1c93b3f2-7377-43ca-a15f-748a4167cb7e.png,0,1,1,1
110,1cda6411-fac7-465c-a7be-0e4e17f02b1a.png,0,1,1,1
111,1ce82b91-0ec8-4e3b-bebf-ff035e4322d1.png,1,1,1,1
112,1d81f057-d7a7-4c53-a6d3-1f6d032b48e1.png,1,1,1,1
113,1da45b3e-d402-43a1-81e1-f60a467747a6.png,0,1,0,1
114,1daafeca-981d-4d94-922c-91b571cec9c8.png,0,1,1,1
115,1e17b8d9-e026-4300-b92f-6eb63959c90a.png,1,1,1,1
116,1e23c14c-737b-4906-a758-ff75cf4d6808.png,1,1,1,0
117,1e26c3f1-1863-4e0c-bb49-16e85768293f.png,1,1,1,1
118,1e59fefb-6b32-4b6a-b16d-9e66e2c820dd.png,1,1,1,0
119,1eba85aa-d139-40d8-8f8b-0e459735cf83.png,1,1,1,0
120,1f0b5c40-bdd3-45d7-be1f-d94e7836e16d.png,1,1,1,1
121,1f30532f-d477-48ad-b58f-13d25f07b332.png,1,0,1,1
122,1f72f012-3e77-4fe8-872f-311414937707.png,1,1,1,0
123,1f842e82-c2fc-4c6c-ab80-c1e6c9105746.png,1,1,1,1
124,1fc542e4-fc4b-4914-8653-58a554d5c113.png,1,0,1,0
125,2052ccfe-6fac-40dc-98ea-88b7e01e568b.png,1,1,1,1
126,2052fe92-b8d8-4b3a-bd15-d0d78387e30f.png,1,1,0,1
127,2067c2f1-a36b-4892-b96e-43028b0fea2d.png,1,1,1,1
128,207c9532-f0f2-44f7-b40a-8a85dfc4905d.png,1,1,1,1
129,20ad68d8-1ade-4749-b763-12c3f9d7634e.png,1,1,1,1
130,20d266d3-51b7-49d4-8563-b5c7db3c6983.png,1,1,1,1
131,20f3b79d-e29a-4f24-bd16-4bbbb536c7c8.png,1,1,1,1
132,2126aeea-4ab9-4405-b179-91a8e3aed307.png,1,1,1,1
133,21472d40-d1c5-41e8-84e1-86f870a815d0.png,1,1,1,1
134,2162efe0-a630-465e-889f-a140a2da6b5e.png,1,1,0,1
135,2163b730-ce23-4546-8be0-d610a8dfc265.png,0,1,1,0
136,21f97ff3-e0db-4639-a971-466eb4ee6eeb.png,1,1,0,1
137,223699cf-3aed-42d2-8a04-926238c40fd3.png,1,1,1,1
138,2273aece-8c05-4952-a52a-aa0084618879.png,1,1,1,1
139,22d1d23b-6e32-4440-a17d-42c8edf7b55b.png,1,1,1,0
140,23414fa1-a889-40ef-ad14-181e39c3debc.png,1,0,0,1
141,237f85ec-2ec4-477a-8ef3-66333e7e603f.png,1,1,1,1
142,238e5600-e2da-4ff7-884c-d64fab16da1e.png,1,1,1,1
143,23a0d233-857c-4ad3-af4a-ed1924d7cac2.png,1,0,1,1
144,241a2462-6c51-4757-8bc8-17f967ee6a1e.png,1,1,1,0
145,2425c65e-fe19-46e4-858d-7afa9fd763c5.png,1,1,1,0
146,24e56ea6-bec7-410b-998d-5c4542edeb59.png,0,1,0,0
147,25799eec-a635-4df6-be0b-0ca7f5be8abc.png,1,1,1,0
148,2589c5d1-5d63-49a8-958e-a42dd2eaf5a4.png,1,1,1,0
149,2617ae28-8137-467f-a053-a462b22b1e68.png,1,1,1,1
150,266f008b-bcbb-490c-9b16-057229a5bd45.png,1,1,1,1
151,26c5d015-f160-4f0c-8401-c2b32463325c.png,1,1,0,0
152,2769730d-d7ad-4b92-9cc5-bd039bae2d4a.png,1,1,1,0
153,2805d857-dd8e-4282-bd97-3452d0d92dd1.png,1,1,1,1
154,28162962-7207-42c9-b2e7-612b5e50abc0.png,1,1,1,1
155,284b8806-ded4-49c9-a9b8-22d624e66d2c.png,1,1,1,1
156,2855454a-591e-470b-b4a9-9a5ff9327ff6.png,1,1,1,1
157,28a0b8ab-35cb-42bc-ba55-515d30ced62c.png,1,1,1,1
158,28c6691f-7d77-4c9e-8bd2-5fa298a0d116.png,0,1,1,1
159,28e5103a-a44c-4c1d-be90-8940526a7235.png,0,1,1,1
160,28f140a3-03dd-4a78-a794-9de9d142bea9.png,1,1,1,1
161,2923bef6-5218-442e-9473-3bbb6bfd0e4c.png,1,0,0,0
162,29428e9c-40ba-447e-a157-59801d980b29.png,1,1,1,1
163,29bb8dc7-22bc-485c-beff-5167be376a33.png,1,1,1,1
164,29d67bcc-a5bf-4d88-a9f4-ecae0790a3e3.png,1,1,0,1
165,29f9ec73-a8c8-4520-bdee-bebdda375086.png,1,1,1,1
166,2a39a130-3c38-4270-8efc-458a3b0a0033.png,1,1,1,1
167,2a7161ed-3780-47b1-a393-b3f7b0eee52b.png,1,1,1,1
168,2a8fbcee-4fa9-41a1-bd1b-2dfcdea5bf3c.png,1,0,1,1
169,2ab49f3b-3224-4e9d-83ec-4d5f09c4416e.png,1,1,1,0
170,2abd1708-47d1-4339-8a6f-6e0e60b7f135.png,1,1,1,1
171,2aef44b2-b12f-49c1-8e5a-0fee91656a5f.png,1,1,0,1
172,2b2fd44d-41b1-49b7-a4a9-9984ddae05a1.png,1,1,0,1
173,2b9fc7a4-a5c4-4c2f-b41a-c1b9c0806e22.png,1,1,1,1
174,2c032ebc-bf64-4c18-9ba1-0237d83bbec0.png,0,1,1,1
175,2ca80ecf-cbad-4e6b-834f-45f1ea410414.png,1,0,1,1
176,2cded417-87ea-4548-ac3f-78458fcd8c2b.png,0,1,1,1
177,2ce355d6-765c-40c1-ab34-dd532c9393a3.png,1,1,1,1
178,2ce382ba-7bd4-45e7-950e-b9c72dae7a4f.png,1,1,0,1
179,2cf81fcc-c143-4e4a-8510-aad47523113d.png,1,1,1,1
180,2d0f1c04-a02d-4cdc-9062-265bc6f99a3c.png,0,1,1,1
181,2d1112cd-b06a-4471-b7bc-d02940193d20.png,1,1,1,1
182,2d412a80-0028-4a20-879d-bb82c0018cfd.png,1,1,1,1
183,2d5bb96e-9f87-45a7-b4d8-fc6b51403bf3.png,0,1,1,1
184,2dab68e1-3d84-4ab4-84c2-8e0ddaf937d8.png,1,1,1,1
185,2e1394a9-f503-4b6b-9e3f-cbe704c5fb21.png,1,0,1,1
186,2e14596a-6275-478f-ae35-5eaf0d13fb9f.png,1,1,1,1
187,2e1889cf-4fb4-46ce-a9ef-f09c2dbcdf54.png,0,0,1,1
188,2ea15644-fae8-4ec3-83eb-c8b7f6069e23.png,1,0,1,1
189,2ec4e8d9-6cd7-46b3-91e1-9ba21a0b4807.png,1,1,1,1
190,2f085f34-ec9e-4af8-8a58-b6b29be3656e.png,0,1,1,1
191,2f180ec1-b867-459f-a793-a952ddeafddd.png,1,1,1,0
192,2f260ff5-4405-4acf-8e76-9c849d3c57e8.png,1,0,1,1
193,2f515e08-db94-4302-9549-b598375a4fa3.png,1,1,1,1
194,2f8984f0-66d1-497a-a616-c0f09bb1520b.png,0,0,1,1
195,2f98889c-8782-43bc-a2f0-fcc620661032.png,1,1,1,1
196,2fbec63e-58f0-4a60-baf5-3850651c9dab.png,1,1,0,1
197,2fe6e651-1efb-4ae0-ae94-88fbaa4919d9.png,1,1,1,1
198,2feed0db-ea9b-4a51-9d3c-589d0ef8da1a.png,1,0,1,0
199,30379cb4-2ef2-449d-82f1-b23fd35b5a3c.png,0,1,1,1
200,312321de-d83b-4275-bf2b-e4f1054dd828.png,1,1,1,1
201,31448cbd-eac1-4dd3-8a0c-01415b607cf9.png,1,1,1,1
202,317652e0-00ce-4f1c-8cdb-3134336a4615.png,1,1,1,1
203,31b235ff-a8ff-4e2f-9db6-241823c4d4e5.png,1,1,1,0
204,31f4604d-44d0-40ba-ad3f-4048693e8d2b.png,1,1,1,1
205,3216d16f-b244-4664-9b16-30bc8b68cb66.png,1,1,1,1
206,3246867e-b874-40c4-8eea-df497947e4e5.png,1,1,1,0
207,328ed779-473b-49c2-8df6-2f9de020669b.png,1,0,1,1
208,332ed3b5-5e6c-4b96-90e7-e18a823ed5d7.png,0,0,1,1
209,3336470d-7dda-4810-b999-4a8ec26b4cdb.png,1,1,1,1
210,33624965-008a-4f42-8199-0f3cabfd7f20.png,1,1,1,1
211,33ad250b-816b-4647-bcab-4a0a3e8a7b98.png,1,1,1,1
212,3465afa9-439b-4580-ae40-3a46d1defc23.png,1,1,1,0
213,34737b2b-a928-4b45-9895-e76bc37e987e.png,1,0,0,1
214,34a58ef2-54ae-48c8-8801-3a2abcf0b03f.png,0,1,0,1
215,34eabfd3-b233-45e7-89d6-e2e89c933c28.png,1,1,1,1
216,34ee6855-1744-43da-9ade-4410da07b87e.png,1,1,0,1
217,35250642-e72c-4cc6-bf7f-49592ad3c2f8.png,1,1,1,1
218,3594c662-591e-4d6d-83be-86c767255818.png,1,1,0,1
219,3597106e-30e4-4b5c-87a5-f605c59087be.png,1,1,1,1
220,35d0cacb-dd81-46ac-b2c9-430d62a0356a.png,1,1,1,0
221,36432c78-f546-403b-8ae0-ec5dc934182c.png,1,1,1,1
222,36a33537-1e4e-4a64-b9e7-daefc47a3cb9.png,1,1,1,0
223,370d4f05-fc36-4d4d-b227-50d0309e7c6b.png,1,1,0,1
224,373412bd-1bf3-47b4-b6df-76992d458520.png,1,1,1,1
225,37a88322-951d-458c-9737-15063bf8f18f.png,1,0,1,1
226,38564b20-5b43-466f-87af-d90a187ba7a1.png,1,1,0,1
227,397abf1f-9e74-4fec-858d-50dee24e1800.png,1,1,1,0
228,398dc0f6-84f9-4619-b51a-47d8e8c9da45.png,0,1,1,1
229,39a5da7a-2144-4e90-bd7c-7fb079c49bac.png,1,1,1,1
230,39b0aab7-7bd0-4634-a2bd-58a4baff4798.png,1,1,1,1
231,39d3376e-a371-4b74-902c-04d8fd98459f.png,1,1,1,1
232,3a051639-3236-40e8-8c4e-9a71186c59d2.png,1,1,1,1
233,3a8a6f16-fa9d-4195-9765-8001e3125c3c.png,1,1,1,1
234,3ab3f6f9-26bd-4814-898a-0fcec4842db1.png,1,1,0,1
235,3abbda1c-0193-4d7a-b136-dcf3118b0b42.png,1,0,1,0
236,3af6d887-f8ed-423f-8c31-a109ca484ebc.png,1,0,1,1
237,3b175c18-19ed-4f72-b83c-84e005ec7c9e.png,1,1,1,0
238,3b3dd912-95ef-4257-b3d4-2c7496abb4dc.png,0,1,1,1
239,3bcf49a3-8534-42a5-b133-bbcce6a41f44.png,1,1,1,1
240,3beb606d-eb4e-41b4-8472-6c0ad87d6081.png,1,1,0,1
241,3c0ddb33-5a3e-49bc-bb33-d1c7d8961b17.png,1,1,1,0
242,3c3f6a3d-3d15-4322-ba1b-c81e71d9909e.png,1,0,1,1
243,3c7389f5-b01d-4294-b5a9-62788cfa4412.png,1,1,1,1
244,3c8d4fa7-85ef-40a9-8923-3cd2cce1d659.png,1,1,1,1
245,3c9a522d-eef3-4199-82eb-b2ff1fb8b96f.png,1,1,1,1
246,3ca88ccc-6250-4fb0-9b58-345715507607.png,0,1,0,1
247,3d5b7ab9-1da2-4351-bf02-5a49d4c4466d.png,1,1,1,1
248,3dae238d-5d74-403f-bdd0-59f2d37cddef.png,1,1,0,1
249,3e0faea3-1f6b-4fcf-a201-09a3155e0ce8.png,1,1,1,0
250,3e29dadd-2ce1-43a0-b04b-f4678b26ed42.png,1,1,1,1
251,3e4125d4-c9cb-4161-bbd9-2e3d2ac1a17a.png,1,1,1,0
252,3e79f507-b4af-40bb-a44f-c0b416800ea7.png,1,0,1,1
253,3e8125ce-2d02-4cfe-8572-d2bc37cece2b.png,1,1,1,1
254,3efbcd90-d39f-4e46-addd-8c1ebffb5a62.png,0,1,0,1
255,3f08d6f9-513f-4801-ac09-b0fcecd582ee.png,1,1,1,0
256,3f099892-9e63-4a67-81b2-6f68d5808215.png,1,0,1,1
257,3f404223-5e61-481e-9c87-9186c1d9272d.png,1,1,1,1
258,3f502142-f089-4f9e-8321-25a42e1d3143.png,1,1,1,1
259,3fd7433b-96c6-4d96-bb54-9ddcb3df9a3c.png,1,1,1,0
260,3fedede6-e74e-41b6-8588-d2e4f1ca6ebc.png,1,1,1,1
261,400cf0ec-9e13-4ed0-a7ef-e89314b09a6c.png,1,0,1,1
262,4069f67b-fafc-4d7f-b7e5-3eb9e30da55c.png,1,0,0,1
263,409ea237-c66e-4c46-99ad-53e92dffcf8c.png,1,1,1,1
264,40b71500-bbcc-406b-ac7a-70e3bc8ef749.png,0,1,1,0
265,40dfbb79-86bd-4cec-87e7-a090880a2e9e.png,1,1,1,1
266,4107a316-c194-4d5b-b21c-e57e3ee162dc.png,1,0,1,1
267,41374e52-f667-485d-a214-9a4ab2fa9551.png,1,1,1,0
268,4138377a-2e8c-412d-847f-e4f11197917e.png,1,1,1,1
269,4140b244-c958-4474-b207-cbbd4714babf.png,0,1,1,1
270,419295f7-a0fd-4d1f-9688-751ecf68975c.png,1,1,1,1
271,42d80b84-7d1a-4121-9b0c-2cddeb0ba234.png,1,1,1,1
272,43179464-25b5-420e-b946-9f52b931ced5.png,1,1,1,1
273,4364a4d1-6820-4ff1-aa90-a1f74e868f5a.png,1,1,1,1
274,437c911b-9cc6-4132-af50-29cb9030645b.png,1,1,1,1
275,437cfeed-d0b4-4c1f-a9c3-5589ad28b6be.png,1,1,1,1
276,43ae79ec-569e-48e2-b5da-e33f423311d8.png,1,0,0,1
277,43ce10e0-bb9d-48d9-839a-34568310be54.png,1,1,1,1
278,43de8a10-68cc-4a7c-818d-f21f6f9c700d.png,1,1,1,0
279,4483232c-cf05-45ed-978a-915f35b86bdb.png,1,1,1,1
280,448dc86f-62e2-423c-a9c6-05f2bd975cca.png,1,1,0,1
281,44a7b955-c909-46b6-afa7-3bea682d95a0.png,1,1,0,1
282,44b438ff-a341-46aa-85e6-017466fe83d7.png,1,0,1,1
283,44c539c9-7dfb-4794-86ec-e7e464392e01.png,1,0,1,1
284,44d759f3-773a-47b6-bc23-645c6635b997.png,0,1,1,1
285,45424c23-22e6-449c-9f43-3759188d2b78.png,1,1,0,1
286,4560a568-a763-449c-936f-93677c08c48f.png,1,1,1,0
287,456b9a81-d1de-481d-892c-9f973f72e12c.png,1,0,1,1
288,45da543d-c099-4e17-9e18-f3c2776ae8b7.png,0,1,1,1
289,4617eb38-61af-4371-bdc3-e4686cc8d5c4.png,1,1,1,0
290,465bcd12-2b9d-4e3a-a32a-417a1e341a7e.png,0,1,1,1
291,467341f1-925b-4b07-998d-56d83ad0617a.png,1,0,1,1
292,46a72d56-0475-4552-ba17-9608dd27bfcf.png,1,1,1,1
293,46cc42b6-fe8c-4cb9-b707-0d29faaf22d0.png,1,1,1,0
294,470c2b43-8a9a-45fa-813d-93e72eab3326.png,1,1,1,0
295,4713cd22-c797-4344-aede-8cffb56c03aa.png,1,1,1,1
296,4732b5a3-7dd7-43da-9788-15d83fb08cc2.png,0,1,1,1
297,47b5f2f7-fa60-4252-83d3-f243fe55b5fe.png,1,1,1,0
298,47e12e47-dd15-46b7-bab1-d31c6e022ce4.png,1,1,1,0
299,480c6acb-ac16-4fc1-899e-a9be1ef9f94b.png,0,1,1,1
300,48173edc-7f7e-40eb-ba93-ab99f7d7e86e.png,1,0,1,0
301,4843cc24-ef17-4196-a803-3ce516dea4cf.png,1,1,1,1
302,484904a2-2a92-4fc6-88da-c70c48b4940c.png,0,1,1,0
303,48590b37-2c77-40bf-bcea-c4674b0a362e.png,1,1,1,0
304,48a80338-a6f0-4f22-ad15-ac37b2d2c9ed.png,1,1,0,0
305,48b01412-031c-4b83-a2f3-45e3d76def23.png,1,1,0,1
306,49004606-b320-4b44-9f6e-27e1354c78db.png,1,0,0,1
307,4a077432-be4b-4ba5-95b1-c9a5391a4360.png,1,1,1,1
308,4a108ac6-a2e4-4260-b6fd-857343e9f810.png,1,1,1,1
309,4a4ff2de-f8f3-413b-b9e2-afccf867f645.png,1,0,0,1
310,4a51cf54-1886-4ff7-b5df-b879d4ae3884.png,1,1,1,1
311,4af128a8-2e6d-46fe-b05b-612799696bd0.png,0,1,1,1
312,4b1bc504-119f-4e14-adc4-b10615bd7cd8.png,1,1,1,1
313,4b322b87-d5e4-46af-87df-a42b188cfa8a.png,1,1,1,1
314,4b731639-586a-4db8-a7a3-e4f2cc357fd3.png,1,1,1,1
315,4c00d9fb-9200-4131-baab-be6330ff5865.png,0,1,1,1
316,4ca527fe-2e17-4a13-a7f4-5fa0a3a00c34.png,1,1,1,0
317,4cad3718-ac5d-4655-b9a9-746879d4adf4.png,1,1,1,0
318,4d55523c-e50a-4776-a832-d9bb7109bacc.png,1,1,1,1
319,4d664960-fe0b-4ea4-8352-af07dd40669a.png,1,1,1,0
320,4d66bd39-5373-407b-8fa1-e283d49ebcbd(1).png,1,0,1,1
321,4d66bd39-5373-407b-8fa1-e283d49ebcbd.png,1,0,1,1
322,4d684cd2-45c1-4d93-96e0-efbbd01cb312.png,1,1,1,0
323,4d7f917d-8f79-4b3a-b33b-f54611af13be.png,1,1,1,1
324,4da41e6a-03f8-45ec-a103-8641db467834.png,1,1,0,0
325,4dff8e48-9731-4685-9b63-bd67ad72fe67.png,0,1,1,0
326,4e42c2df-69d4-4ed7-b068-3433abd0a03d.png,1,1,1,1
327,4ec801bb-f61d-4c24-b522-ed412e59e385.png,0,1,1,1
328,4efc2f4f-4b56-4a96-b0dd-b08642ed2d57.png,1,1,0,0
329,4f007021-4b61-40a2-948c-d5606f72cc25.png,0,1,0,1
330,500190d5-d081-4101-ab81-54d1e429d32c.png,0,1,1,0
331,50464d21-986e-4bc5-82e3-2b3f3b6ac3d7.png,1,1,1,1
332,5051800a-f3f6-4a51-9455-2bdd0e42eaed.png,1,1,1,1
333,5066b7ad-3ca2-4c52-838c-4689a53132d9.png,0,1,1,0
334,50ec6aae-9c66-4ae0-abe6-fcc9d8d627cf.png,1,1,1,1
335,50fb23cc-acb3-44d0-8883-011ba38baf7c.png,1,1,1,1
336,51283dab-8bac-4b03-9743-76d2fba831f8.png,1,1,1,1
337,518eb5a5-26c2-4c1c-930d-50e80b14b7c7.png,1,1,1,1
338,51c566c2-b058-4deb-a066-471f70eaca49.png,1,1,1,1
339,521ff91e-df23-4b2a-82b7-1c18a18f26a8.png,1,1,1,0
340,5257fb24-39e1-4a64-8399-e2469ff830b4.png,1,1,0,0
341,52969322-5137-46c2-8cfa-c55c618f49a1.png,1,1,1,1
342,5312a9e8-63bf-480a-9e6b-140eef29aa14.png,1,1,1,0
343,53ea557d-3b71-4b65-949d-55bd3310f9a6.png,1,1,1,1
344,53f5a8cb-a354-4a39-8dbc-34fe7c805ad9.png,1,1,1,1
345,540541bf-2cdd-4642-a1f2-4408da8a6c24.png,1,1,1,1
346,542012f6-f64d-4eb0-94c2-af1689726730.png,1,1,1,0
347,542c8e4a-bb9f-4364-a650-d32957d730f2.png,1,0,1,1
348,546ba16a-93e8-4ca1-a25d-24af4a3d59f3.png,1,1,1,0
349,54726df1-2daa-4fab-a640-c7221ba3b4f8.png,1,1,1,1
350,55465856-2e99-4dc0-ab25-2f2723c7fb4f.png,0,1,1,1
351,55990d00-b2ea-4c9d-a7b6-9868e67aee88.png,1,1,1,1
352,55e113e1-1426-436a-9a92-4931b490a230.png,1,1,1,1
353,56095ff3-a25c-4221-8c9a-6cf01e6b83df.png,1,0,1,1
354,56821cf6-ce63-4f76-9da8-f264e81dae23.png,1,0,0,1
355,56a5a2a0-1685-422f-9d8c-320cd357a789.png,1,1,1,1
356,56d1686f-d81a-42b1-9b7d-4a18ad314bdb.png,0,1,1,1
357,56e6a744-0d81-491d-a380-46c7935f4f90(1).png,1,0,1,1
358,56e6a744-0d81-491d-a380-46c7935f4f90.png,1,0,1,1
359,577da623-990a-4662-b632-d73bc71daf4b.png,1,1,1,0
360,57a8fe03-0641-4894-b4df-1a69f69967bf.png,1,1,1,1
361,57b07d2f-1599-464c-8ec6-e4aac88a0790.png,1,1,1,1
362,57f346c5-501f-4c26-8fba-5fbe5448f2ef.png,1,1,0,1
363,58237379-9548-4251-9c4a-9da9f5db536a.png,1,0,1,1
364,5834f48f-ad55-44f3-a98c-248362f865d8.png,0,1,1,1
365,58537c75-cf3d-48b1-bc26-31d25ebd6984.png,1,1,1,1
366,586fb87a-c263-44d4-87ca-42da93fa9926.png,1,1,1,0
367,58a48d21-2a9b-4b5e-bcdf-b4114e5b1595.png,1,1,0,1
368,58a9ac02-a961-4405-a1e6-7fa362dfcaf4.png,1,1,1,1
369,591645a2-2e7d-41f2-833a-45d8c302f091.png,1,1,1,1
370,595693ee-a408-4d99-84e2-a88d64850b10.png,1,1,1,1
371,59a4367e-ecbe-48b3-ae85-7dbd5bb85f81.png,1,0,1,1
372,5a0d156d-6963-4dc6-8f41-b53b6446bcec.png,0,0,1,1
373,5a23cf6a-6d93-45cc-8f18-47cc447f0f8e.png,1,1,1,1
374,5a6f38c2-e74f-45bb-aa22-bfd8e682e2b7.png,0,1,1,1
375,5a864452-c1cc-4c05-8533-631ae52d1964.png,1,1,1,1
376,5a8908fd-1f7c-4068-b026-2ca8f96ab23d.png,1,1,1,1
377,5a93e3ba-d74b-4548-8a52-fceac2973f71.png,0,1,1,1
378,5b083a94-83e8-4e1c-b435-86ccd6e54322.png,1,1,1,1
379,5b620190-a569-450a-9a06-c3178c4f6ce6.png,1,1,1,1
380,5bca1a63-5c3c-4a10-8eff-092c04f46a91.png,1,0,1,1
381,5bf07538-5020-4da4-84ed-660df553c9ab.png,1,1,1,1
382,5c5b2655-fbfb-4358-a199-a4595ed45316.png,1,1,0,1
383,5cce08fe-91b6-4ce7-b4d0-8694c85c1b1b.png,1,1,0,1
384,5cdd72b4-d71e-48f3-a17c-930379bb3287.png,0,1,1,1
385,5d6d3f5e-f403-4e1a-80d3-f5e5a253f3ef.png,1,1,1,1
386,5d8c49ca-7d21-4377-9993-6a3c8eb981d5.png,0,1,1,1
387,5d924890-ce6f-411a-9e92-371d276bad68.png,1,1,1,1
388,5da30fdc-8d21-43e0-aedb-9dea04eaf012.png,1,1,1,1
389,5dc42d5a-9dfa-4b2f-9685-42a846108989.png,1,1,1,1
390,5de4d76f-825b-41e5-8282-864e9858c224.png,0,1,1,1
391,5e512bf2-1a56-4b4c-9cf7-07e6ee92f757.png,1,1,0,1
392,5e53a0b2-d52b-43bf-92c8-a4a16584e45d(1).png,0,1,1,1
393,5e53a0b2-d52b-43bf-92c8-a4a16584e45d.png,0,1,1,1
394,5e647d22-f594-438e-8447-f93cd1470080.png,1,1,1,0
395,5e838eb2-cb22-48b0-a3c3-2dcff137ccc7.png,1,1,0,1
396,5e8af1a0-97f9-4bb0-9974-1422f1b45f02.png,1,1,1,1
397,5eabd319-4250-4422-b83d-739ba05ef14c.png,1,1,1,1
398,5edb006e-8761-40c4-9af3-8a43d2edf5b1.png,0,1,1,1
399,5ee4eb9f-5bf4-4f5b-b172-25aa686df89c.png,1,1,1,0
400,5ee5bb32-9122-450e-8978-4cc622d3f189.png,1,1,1,1
401,5f549cce-0157-4648-ba9d-80ef2fd56bd7.png,1,1,1,1
402,5f5573ea-677a-4035-9827-80ae7aa93f83.png,1,1,0,1
403,5ff2d5f6-571c-4bd8-9aed-b005001a69dc.png,1,1,1,1
404,6085df16-0bf9-4c2c-9958-e902136389f8.png,1,1,1,1
405,60e3020e-0610-449d-898c-078966b874b9.png,1,1,1,1
406,611e41d8-2df3-49d7-86a6-a9181cf7a463.png,1,1,0,1
407,612161be-800e-460e-8f9c-e37f5f1c22cd.png,1,0,1,0
408,61432a07-057f-449e-b440-c50fa700f388.png,1,1,1,1
409,619028fb-ad57-4e1b-876f-609fcecdcb60.png,1,1,1,1
410,61bc9c4b-0dd5-42a8-848d-f320743d56f5.png,1,0,1,1
411,621125b5-5a1f-4bea-bbe9-5ecccdb6fb30.png,1,1,1,1
412,6215d98d-1a04-4e84-9d7a-310c541b8e99.png,1,1,1,1
413,6232d308-71fd-489c-9500-1c022864f77b.png,1,1,1,0
414,623b7744-2132-4b77-a7ab-5f21862a834c.png,0,1,1,1
415,62455c5e-d632-4520-86df-8a45c13dc6b1.png,1,1,1,1
416,624d88d1-a1d6-428e-9e22-ebf69d95313b.png,1,1,1,1
417,624daeae-7d53-4833-954d-0abe1dd7d69d.png,1,1,1,1
418,626d7188-1e56-450f-9cf5-decd21fa344a.png,1,1,1,0
419,629e2206-bc30-41c2-8228-895c4186b9d0.png,0,1,1,1
420,631b8bf2-7634-4f7e-aefd-6f008f7875ec.png,1,1,0,1
421,637936a6-d579-4bf0-8100-bfed7a187302.png,1,1,0,1
422,6399bd52-a474-4f11-b8dd-59f2373b4ab7.png,1,0,0,1
423,63ae5db5-4f4b-479c-bc50-955652f5da5c.png,1,1,1,1
424,63f67789-2464-43fc-a8dc-4b508c621fac.png,1,1,0,1
425,6440d188-6c5b-4b70-be32-81e4f5c025ce.png,1,1,0,1
426,64b0e385-84b5-428c-871b-e34e30719ff3.png,1,1,1,0
427,64b23337-456d-4037-a0f2-18b882382f08.png,1,0,1,0
428,650ff62f-ea78-4a25-9b8a-91452f7ef03a.png,1,1,0,1
429,653a7d6b-d427-41c2-9f83-633e703b17ed.png,0,1,0,1
430,6602d512-4352-4f2c-85c7-57fa0cc32abd.png,1,1,1,1
431,66a2bd26-7815-47ef-afad-901343cbe928.png,0,1,1,1
432,66aeed79-4d48-417e-ae9a-ae043e8cb868.png,1,1,1,0
433,66b847c4-595a-4276-9254-a9ccad17291e.png,1,1,0,1
434,66d0aceb-9aa7-4452-ab74-650b63da796f.png,0,1,1,1
435,67cba76e-5a2d-460f-8e3d-421b0bec3edf.png,0,1,1,1
436,67df421b-b30e-4f58-b4e5-4c000e4220b9.png,0,1,1,1
437,67ef4b91-7b43-4fa0-8860-f9f741784be1.png,0,1,1,0
438,683a7bfe-674c-4e70-bd1c-e27c6e0d616d.png,1,1,1,1
439,68465bc9-3e78-4aaf-a099-1ffda66da4bc(1).png,1,1,0,1
440,68465bc9-3e78-4aaf-a099-1ffda66da4bc.png,1,1,0,1
441,684b15a9-7e50-4561-83bc-a98d700fcd56.png,0,1,1,1
442,687e714c-d32b-4c6b-9e26-d9dea275bccd.png,1,1,1,1
443,69d7ecc1-12a7-41b3-abe4-dc7a36bebd5d.png,1,1,1,1
444,6a504889-0077-41fc-b757-42ce7cfda7ca.png,1,1,0,1
445,6a5d2233-374a-4ebd-82de-0087c24b6929.png,1,1,1,1
446,6a6e5ef3-27cc-484e-9265-98a9a851f877.png,1,1,0,1
447,6add64b6-0f2d-4bc3-a3b3-3be010d41c7c.png,1,1,1,1
448,6af72b4f-4620-472a-a9c8-bc8520bfdfc4.png,1,1,1,1
449,6b5cccd0-3f16-4cfb-b634-ef8b39eee2dd.png,1,1,1,1
450,6b6a2b9b-9a7e-42ba-b91e-5cedfb4ac59f.png,1,0,1,1
451,6bb47577-f855-4efa-ae31-5de85c92c6de.png,1,1,1,1
452,6bc94040-4db9-40fe-854b-dd4a7530b4ae.png,0,1,1,1
453,6bca14c6-21ac-46f9-b7d6-a3ce291c85c8.png,1,1,0,1
454,6bd663ed-c9e2-492e-94b2-13bb94298a2a.png,1,1,1,1
455,6c17c013-df9c-4e02-b4dc-fb1fd76f28ec.png,1,1,1,1
456,6c57c41c-4e70-4029-a579-567cb8699668.png,1,1,1,1
457,6c5fe086-1a99-4a89-953c-9cee4f9fdba0.png,1,1,1,0
458,6c877370-19a5-4e86-9ebf-e425c5b2655c.png,1,1,1,1
459,6d22acf3-ea25-48cf-af28-9d2c3c972cc3.png,1,1,1,1
460,6e588c8b-d2cd-4cde-84db-6aa902cf3ffd.png,1,1,1,1
461,6e6e5704-188a-4886-8cbd-c33d876b0193.png,1,1,1,0
462,6e7738ad-cd64-4e61-a174-faa89c918d1e.png,0,1,1,1
463,6f2bfc7d-9a7d-4e1a-b5b8-54728753471e.png,1,1,1,1
464,6f2fce53-56c0-459b-b32d-876e2f3abe3a.png,1,0,1,1
465,6f344693-8678-4742-ac5a-ba0cf02688ee.png,0,1,1,0
466,708c58eb-dd00-4a2c-a0d0-f9c835d10e24.png,1,1,0,1
467,7104772d-a651-41ce-89f2-1c89abe4aa08.png,1,1,1,1
468,71918ae4-6e1d-4fa4-8b15-e2428b9b7c52.png,1,1,1,0
469,71950b24-8229-4bd9-84db-5db6cb1101bf.png,0,0,1,0
470,71b459ef-29f4-4fc6-b26e-d79149517541.png,1,1,0,1
471,720a72ec-1a63-441d-9239-818848810289.png,1,1,1,1
472,7217ab0a-a13f-40c0-a7aa-d7b07c34d54d.png,1,1,1,1
473,723957ae-56e1-414a-871b-9e03ab18cb8c.png,1,1,1,1
474,733906bc-a795-4ab8-aabf-47c647280552.png,1,1,0,1
475,73626549-6821-40a1-bf2b-3e741d6f1ea9.png,1,1,1,1
476,737a507a-f133-4f9a-9545-801de3f7622a.png,1,1,0,0
477,73fd3c3a-f80a-4d30-9521-72cc8d0e1c76.png,0,1,1,0
478,7407036f-f145-4db8-a59d-7b844787e2cf.png,1,0,1,1
479,74265a26-c6d3-4357-be8d-3eaf5488d410.png,0,1,1,1
480,7440e9d9-b4ee-42da-8019-c1e3c72d0be2.png,1,1,1,1
481,74684dd8-3c56-4fa6-a42b-be41b14c76cb.png,1,1,0,1
482,748ae0ab-0def-4a5c-a256-7b5bf78be5e5.png,1,1,1,1
483,748b7b52-161b-4de4-abe2-61c2ed7dcf37.png,1,1,1,1
484,750af9e1-fffc-4267-bd3c-70c90eb2df46.png,1,0,1,1
485,750c9a53-98a2-47a2-b282-7ea1d83c9722.png,1,1,1,1
486,7526b496-a7e5-44c9-bfbb-51d62ec7112f.png,1,1,1,1
487,75d86fb7-6733-4abd-a9db-ef02a3c64ba2.png,0,1,1,1
488,760e3945-e0c9-4c9a-b78a-a68fbbee05cd.png,0,1,1,1
489,760f22a4-aa30-498a-ad3e-e42e15b8e61d.png,1,1,1,0
490,7618b489-51b0-4f11-9b79-5af9c521e9ec.png,1,1,1,1
491,768c2e25-1be0-4e28-8709-8a01f26eccbf.png,1,1,1,1
492,775146b0-46d9-4e1c-967b-d032d7766b9b.png,1,1,1,1
493,78380009-10cc-4133-8c6f-8f92e50419fe.png,1,1,0,0
494,788825bb-7047-4588-8d14-87d4a35de5e5.png,1,1,1,0
495,78ed143f-9125-48f1-9860-8165f37680b0.png,1,1,1,1
496,78f59b28-b097-4a9f-8639-b79112c95809.png,1,1,1,1
497,78f668dc-6018-4479-a9a6-28bcac9c6785.png,1,0,0,1
498,7919faec-bac0-4f70-8e5d-4d13da9431a4.png,1,1,1,1
499,791f1345-1fb5-4f2f-9861-5dcc89bad6c5.png,1,1,1,1
500,799bf8e1-b089-44eb-aed1-73dd936cde38.png,0,1,1,1
501,79c3f99b-1f8e-4237-aa23-75f0eb85c15f.png,1,1,1,1
502,7a0014c3-ffdf-4875-86ae-b670665c8ca2.png,1,1,1,1
503,7a30e064-53bd-497f-af7c-24f6f5ff4288.png,1,1,1,1
504,7b68254c-11ad-472e-8634-6e8c9a96a66f.png,0,1,1,0
505,7bd76682-2355-4a4e-bb2a-a2b63beae405.png,1,1,1,0
506,7c041004-c8aa-4db8-87ae-f925f11f105e.png,0,1,1,0
507,7c2ab33b-8a4d-4036-baa4-d31b50af08a1.png,1,1,1,0
508,7c81bdf8-4c3b-4342-953d-a71599708978.png,1,1,1,1
509,7c85c3df-9a5a-4103-a6be-416134e31627.png,1,1,1,1
510,7c93094b-ae5e-40c3-9fcb-fe18dd292b0f.png,1,0,1,1
511,7cf635e4-1f9e-47e9-a05d-31cfd26f8e99.png,1,0,1,0
512,7d134bf8-7015-4c21-88ae-86f63a7d5f35.png,0,1,1,0
513,7d63c6d4-8ed8-4a65-a414-057285656d71.png,1,1,1,1
514,7e5d7f1d-3f91-4e16-99b1-1c06b5d79569.png,1,1,1,1
515,7edc2228-6035-4db8-8681-06144ef0bf48.png,1,1,1,0
516,7efa63d6-9bbd-4eb9-a2e1-dee844df6375.png,1,1,1,1
517,7fd7c561-7522-46aa-b95b-9b66353eb63c.png,1,1,1,1
518,7fef34e5-b26f-467f-815b-3fae8f5f8623.png,1,1,1,0
519,8088a9b8-4c55-42a6-b6d3-092006d3e240.png,1,1,1,1
520,80e7f0bb-d85d-4397-8090-98b5621176e6.png,1,1,1,1
521,8129479f-4e83-4564-8a34-51103ad46cbb.png,1,0,1,1
522,8230bf8a-08ae-4062-8f5b-3559930d721a.png,1,1,0,1
523,82adc9a3-3c8f-4199-856b-68f34b9e6766.png,1,1,1,1
524,82b12e29-e876-4085-9724-a8275a476fea.png,1,1,0,0
525,82d58ef9-24b9-492e-acb5-f72ed1b5157c.png,1,1,1,1
526,82efc636-8576-45c4-a640-59d24c355d53.png,1,1,1,1
527,839da339-fa13-486b-8b10-12e6bb70b715.png,1,1,0,1
528,844475c7-8fef-4348-bbeb-41f956e076d1.png,1,0,1,1
529,84608570-4e21-4c61-ae47-0a77b2eac09a.png,1,1,0,1
530,84a16382-8009-4815-bb01-ac6f7f12d93e.png,1,1,1,1
531,859a8292-e26e-4fea-aa27-d26cd7775e1b.png,0,1,1,1
532,85ad7956-fa77-4bcb-842d-791a34fe9fd4.png,1,1,1,1
533,85b0d4ef-fbb1-4f4b-993a-857a1b7caf84.png,1,1,1,1
534,85b4740e-c682-4401-b6a4-017d8d490725.png,1,1,1,1
535,8609d8f9-9a12-4010-b8a3-51d3252dbeee.png,0,1,1,1
536,86101980-30d9-4770-9768-a6300cd332e6.png,1,1,1,1
537,862adadb-a42a-4ada-9efd-db09a9990819.png,1,1,1,1
538,864990a9-c709-41ed-a3f2-c4410d8bee63.png,1,0,1,1
539,8650cd51-11de-4eaa-9453-a7e23e2e1937.png,1,1,0,1
540,86e005f6-0798-49b3-b0f9-3907be4142f9.png,0,1,1,1
541,86f4411a-4f4e-4530-aa59-744442dd5a87.png,1,1,1,1
542,86f8eb6d-c784-41c6-b13e-635326b0ba83.png,0,1,1,0
543,8725d97d-30ed-4ca5-9f34-ff1d5952f352.png,1,1,1,1
544,873b3e9b-4406-40d5-abf7-9dc2abff4155.png,1,0,1,1
545,87928a35-6be0-49a2-8541-2756f63551a9.png,0,1,0,1
546,87f523af-900f-4d38-8127-fc30129c6dfe.png,0,0,1,1
547,88436a64-568d-4152-9a7d-e603c736b991.png,1,1,1,1
548,8857a556-e9d6-4fda-86b7-3751938245a8.png,1,1,1,1
549,88705c19-d97b-4ba2-beb5-255639fe9f93.png,0,1,1,1
550,888d2e1e-e5ea-40ae-afe9-243c45ed9544.png,1,1,0,1
551,88c57bea-713b-4a56-825f-7d9b807d3834.png,1,1,1,1
552,88e6295f-1b3d-4ece-aa15-dbb692fca699.png,0,1,1,1
553,89033b5b-683c-4a81-9ffd-3c9b9b5fa770.png,0,1,1,1
554,891f1315-3fbf-4322-8d92-d3f5b11256c9.png,0,1,1,1
555,894b5e2e-bc34-418b-a6db-42bc8ad76326.png,1,0,1,1
556,89884c47-a53e-44e7-9fe1-1bef82b6ba7b.png,0,1,1,0
557,89b00ac0-d630-4f8b-90c4-b51a1df14d77.png,1,1,1,1
558,89bb1978-5df5-440c-ac23-334ccfa753c6.png,1,1,1,1
559,8a17d8fb-1745-4b27-86f5-d110f552f92c.png,1,1,1,1
560,8a29169a-8c51-4712-98f6-1b6c31f60ee2.png,1,1,1,1
561,8aca0cde-8882-4c11-8057-b34390ac69da.png,1,1,1,0
562,8ae788a4-2893-4725-8af7-b3c81638a363.png,1,1,1,1
563,8b08f21a-3389-4c65-9457-54c4fd40c15d.png,1,1,1,1
564,8b3a7f9d-be89-46c5-8171-53aa7c886687.png,1,1,1,1
565,8b718c52-607d-4891-87dc-2ace3305017d.png,1,0,1,1
566,8b81a56e-6803-4280-8f04-286be83f1101.png,1,0,1,1
567,8babf263-2baa-4920-ba4a-911e836b3a7c.png,1,0,1,1
568,8c125f53-4dca-4cb6-a33d-5cc33a1b5620.png,1,1,1,1
569,8c1cb9e1-afd3-4efd-bf2a-8b3467c6866c.png,1,1,1,1
570,8cf2b7d6-0a68-4028-aa60-ab2712e09c23.png,1,1,1,1
571,8d5db191-8d3c-4f46-ac74-c6aeabd2d49b.png,1,0,1,1
572,8da1128b-0ee3-42a6-98cb-cf60e5288e29.png,1,1,0,1
573,8da91d79-d541-4276-b0d6-eda3f8c3ec9e.png,1,1,1,1
574,8db82a39-0f3a-4902-827e-53e284e40975.png,1,1,1,1
575,8dc53533-81b4-4e4b-a3ae-fa030b02498f.png,1,1,1,1
576,8e034d1c-14c8-40bb-84ab-6b0096ab5bed.png,1,1,1,1
577,8e06eaa5-3272-45f1-9822-1db0f70c0e0f.png,1,1,1,1
578,8e907f78-7dd4-4caa-9530-bd6891f243e2.png,1,1,1,1
579,8ee1ce30-7874-4371-9a25-60c0185c30be.png,1,1,1,1
580,8fa881bc-7565-4d51-a396-ebbe06b85891.png,1,1,1,1
581,8fafced2-5825-41bf-9b22-a93b6b840d6b.png,1,1,0,1
582,8fcd78fc-d40e-4e85-9164-2e8c047415a4.png,1,1,1,1
583,90010eb2-263c-44c4-9258-f6e433e1ae7b.png,1,0,0,1
584,90034a3d-863b-4ac7-8b26-ae66dcce43df.png,0,1,1,1
585,900d1cc0-b916-465b-99e5-fa46a6fd8917.png,1,1,1,1
586,90264167-bc80-496d-924d-96dcbf8aecfd.png,1,1,1,1
587,905d3db1-e95e-4287-97d5-3f8c70056d3a.png,1,0,1,1
588,90903785-de55-4c90-a4a6-f2788a60fc01.png,1,1,1,1
589,90984318-f11d-4f52-956e-d3212df6c0e1.png,0,1,0,1
590,90da00d6-6cde-4b9d-bbba-7c4e7e7cb17f.png,1,1,1,1
591,91261072-2424-4a5c-9d72-4f5f70b78042.png,1,1,1,0
592,914b20e8-dc5e-49ea-bcef-1d7d44aba887.png,1,1,1,0
593,9172dbfc-69d9-4641-bd80-f3e86980cb9b.png,1,1,1,1
594,922f22d3-d451-44aa-b126-f3c31f48ffcd.png,1,1,1,1
595,924fb7b0-e12b-491c-872f-05b5fbc2f12f.png,1,1,1,1
596,92794d88-f154-4ab6-9c57-2baba5c96d8e.png,0,1,1,1
597,92aaa85e-418c-4a20-8dc4-2c89db1eeb84.png,1,1,1,1
598,92d4e8e9-05ef-46d0-a172-0c4506057f7e.png,1,1,0,1
599,92dd89ca-b088-4681-9d5b-d59a70b52cb6.png,1,1,1,1
600,9323bcfb-71bc-45b2-acb2-1bf1e1fba76a.png,1,1,1,1
601,93a17be6-7626-4c7d-a20b-5bb0b3c3aaa1.png,1,0,1,1
602,93da9685-b4dc-4a87-80b5-12fd2605bfb6.png,0,1,1,0
603,93e27ad8-8a42-4362-b497-5a4583efc2db.png,0,1,0,1
604,943784e3-6eeb-436c-bdad-2d51e56d90d1.png,1,1,1,0
605,94491990-aa6f-4276-bcaf-55738ca42d7a.png,1,1,1,1
606,9468ae10-c4a8-46fe-abe3-7dd18b83039b.png,1,1,1,1
607,948078cd-041d-41ee-a7c7-b5ba7fee5025.png,1,1,1,1
608,948feda2-1dfd-4622-ad05-8fb6318ce528.png,0,1,1,1
609,94c0186e-6bbe-4485-a2ec-06b7ed1798e4.png,1,1,0,1
610,95ea2402-a0fd-4cc2-b69a-45d311e7ee0f.png,1,0,1,1
611,96282c40-d0eb-4438-bc2c-643235791a28.png,1,1,0,1
612,965cdccc-fbd5-4c0d-b7ec-0130b1fbc5a2.png,1,0,1,1
613,966b3812-b48f-498d-945f-61e22f5ac435.png,0,1,1,1
614,967c842a-d646-431a-b5b5-b92ed66ce091.png,1,0,1,1
615,971e3311-5bac-4aa1-8d7d-4067d39fab28.png,1,0,1,0
616,97445d94-33cb-43f5-a8e2-204d36e2d2d7(1).png,1,1,1,1
617,97445d94-33cb-43f5-a8e2-204d36e2d2d7.png,1,1,1,1
618,976cc38e-0d9f-435f-8ae8-3701276dedce.png,1,1,1,1
619,97d50b2f-8b0a-4a53-8eaf-31f2d376ba12.png,1,1,1,1
620,98881fd4-0291-4a74-af35-7c91dd31113d.png,1,1,0,0
621,98c9c3dd-b248-4ab3-8854-f4f754171ebd.png,1,1,1,1
622,98f14230-75a6-4a63-9c8f-cfbe81de2b18.png,1,1,1,0
623,9938916a-fd5b-4331-9fc0-2a9d7586c26a.png,1,1,1,1
624,996aff31-5ec8-4dd2-b67d-447a2ae3b458.png,1,1,1,0
625,99b48a36-0c89-4a59-a5e8-9cff255ef7d4.png,1,1,1,1
626,9a5cbff8-7209-45b5-91d7-3826f39a0677.png,1,0,1,1
627,9a7a5a68-c4c4-42b9-bf1d-024c32d8c699.png,1,1,1,1
628,9b16db33-64c7-43d7-ae4b-acf730b4552a.png,1,1,1,1
629,9b1e28ef-e503-4158-b5a3-dbb43d4242c9.png,1,1,1,1
630,9b2f22d1-7156-4dca-a453-b68a73d1df15.png,0,1,0,1
631,9b47766e-92df-4f26-8a06-6dd2dbc404cb.png,1,1,1,1
632,9b4cf743-2814-430d-88d9-37977dd8a94b.png,1,1,1,1
633,9b6262f1-55b0-4f75-b1c8-8546c416702e.png,1,1,1,1
634,9b9dc7fa-db65-4d8e-90fd-29125d0c9f93.png,1,1,1,1
635,9bb7d626-9f22-4c74-b3b3-d03d3e371944.png,1,1,0,1
636,9bb932ef-d97e-470f-8deb-214f4bc1b5d5.png,1,1,1,1
637,9c236572-4289-4208-a2a7-3afc8cc99819.png,1,1,1,1
638,9c6f8028-2a34-42cd-908e-3284fb129422.png,1,1,1,1
639,9d0d8378-91ae-44ef-a054-d954f84bae06.png,1,1,1,1
640,9d1295cc-4e94-42c6-a3d9-387128298471.png,0,1,1,0
641,9d312e9c-e59c-4e33-a857-679704a2b8ea.png,0,1,1,1
642,9edcb3c7-d0c7-4de5-8947-b673cfa1fa3e.png,1,0,1,1
643,9efaad72-2119-4755-92e8-99abeb35d72c.png,1,1,1,1
644,9f8065c1-2919-4e16-bb1c-a1bb02d49992.png,1,1,1,1
645,9fd42de1-26b6-4065-97b6-6b31bb8feb27.png,1,1,1,1
646,a00aa45d-73fb-4706-9ae5-3b2be245c615.png,1,1,1,1
647,a062b40b-65f2-423c-aea0-78769d6bb300.png,0,1,1,1
648,a0d186c4-63d2-4576-823b-5fd3a9a8c410.png,1,1,1,1
649,a0e825a1-ef4b-43ca-8a19-c573c53f906e.png,1,1,1,1
650,a0f6c86c-fb20-4cf1-beae-4acf7e80ab8b.png,1,1,1,0
651,a1561383-bf79-4fe6-9e53-1b06e99413a1(1).png,1,1,1,0
652,a1561383-bf79-4fe6-9e53-1b06e99413a1.png,1,1,1,0
653,a1b4eace-404f-410f-9c7a-24a608fd49c4.png,1,1,1,1
654,a1b52c29-73a4-404a-bf26-c3d579c8950b.png,1,1,1,1
655,a1c0fd2d-f667-4ad2-a2aa-41afd490f522.png,1,0,1,1
656,a1c6673d-914e-48b3-a61e-a7f2266c42a4.png,1,1,1,1
657,a2296c0b-c8c4-494a-bf2c-4d7ec3eef6b2.png,1,1,1,1
658,a31a1f80-4c93-4d59-b6ce-8f788e792f30.png,1,1,1,1
659,a34864aa-cb7b-402b-908f-ef84086a50b4.png,1,1,1,1
660,a3a3a746-1d5c-44e3-8ea9-0de3beb1fe98.png,1,0,1,1
661,a4603c56-249d-4d4a-adcf-5278cccb510d.png,1,1,1,0
662,a4a96186-db45-4576-9174-96e4fac8ba27.png,1,1,1,1
663,a62aae50-c684-4b2f-982e-2785e307421c.png,1,1,0,1
664,a65da711-82fc-4976-a3c5-e7d00b07792a.png,1,1,1,0
665,a6e9318c-675a-43a3-ae7a-957f9cb03c29.png,1,1,1,1
666,a6eef4b2-f716-4e52-8bc7-24aa44def16c.png,1,1,1,1
667,a703c907-f6ae-4e8e-89e1-8a4216337f0e.png,1,1,1,1
668,a7551021-a711-4cb5-b101-69170d677fe5.png,1,0,1,1
669,a791b967-8aaa-42da-8b42-a0b4eaf807d4.png,1,1,0,1
670,a7a74b3d-c232-4ad5-aa84-97eb7b07d2fb.png,1,1,1,1
671,a7b10ea9-5992-491d-8417-5e62c8e07084.png,0,1,1,1
672,a8319017-ecb7-456d-83c6-2c57bdddf52f.png,1,1,1,1
673,a83a9ce9-95cc-45f4-88de-cdf49653fa9a.png,1,1,1,1
674,a91aa849-1fbf-47e4-8a41-7da135f9367a.png,1,1,0,1
675,a968e177-cd4d-4245-8cb9-d9a9b758dac6.png,1,0,0,1
676,aa9d0714-a32a-4199-ab72-70759078be5b.png,1,1,1,1
677,aaa7a4b3-549f-49f1-875d-c34337d609ee.png,0,1,1,1
678,aad96eb2-bd5a-4c2c-ba87-c6271ae7ca0c.png,1,1,1,1
679,aafd0b0f-2d3e-4940-be3e-a365b4014fb5.png,1,1,1,0
680,ac1d5f2b-e52f-4ca1-b5c7-8341b061163f.png,1,0,1,1
681,ac33467d-3918-438c-9340-6faf45898ca3.png,1,1,1,1
682,ac49a31b-8308-41c5-bd59-3c31d9fe4cc0.png,0,1,1,1
683,ac6a1151-ac92-4881-8e8d-e1b0f36f66ad.png,1,1,1,1
684,ac6c84e0-2c7d-491e-9655-dff9554d6de0.png,1,1,1,1
685,ac8a6664-e2ac-44a6-a69e-c439ec4a2def.png,1,1,1,0
686,aca9f09c-3de1-465e-b705-3a08e33cae95.png,1,1,1,1
687,acced5a5-9bbc-4a3f-84dd-b6b259a59e4e.png,1,1,0,1
688,ad0ed819-5e30-42b5-903a-aa6f9b67201a.png,0,1,1,1
689,ad7b66e9-35bd-4af7-84ee-bde06c4ec859.png,0,1,1,1
690,ad8de83c-4569-4d55-bb44-88197e8cc150.png,0,1,1,1
691,ada857de-c646-4e71-ba35-eb69cd4ae1c2.png,1,1,1,1
692,adbfd6d3-cfff-4a9d-b9bd-a81655d5bbdc.png,1,1,1,1
693,addb27e9-c5fd-4fc2-b52d-ef19d5caa442.png,1,1,1,0
694,ae5dfa96-1e07-42d5-8bb5-fc66ae5c4300.png,0,1,1,1
695,aebf39d2-9ca5-4ff7-8625-0975aaa0049e.png,1,1,1,1
696,aed762d3-a76b-4ed6-975c-3f8143e14561.png,1,1,1,1
697,aed87c3a-b881-46d8-a7f1-c12bd367740c.png,1,1,1,0
698,aef01cdc-8259-420e-92bb-90ccdf23edc8.png,0,0,1,0
699,af803610-078b-41e6-8098-866c1fc0f5b7.png,1,1,1,1
700,b01a5ded-c449-4870-9c54-93d5a7c20420.png,1,1,1,1
701,b051863a-5917-401a-9808-fb55d76c574c.png,1,1,0,1
702,b32ed8ff-63e2-4cef-859a-76e07e2bb30a.png,1,0,1,1
703,b35798bb-4d6c-4cdd-a63c-c6be1b23c736.png,1,1,0,1
704,b38b8b83-0f19-44c8-98c3-c44b7599090f.png,1,1,1,1
705,b3c0aaa1-024c-4d19-99c8-daef620f1c5c.png,1,1,0,0
706,b4218e5b-564a-4c3b-8cf1-1329fbcc8f28.png,1,1,0,1
707,b421f533-a834-47b1-b7de-ec90b3356776.png,1,1,1,1
708,b423a2c9-20df-4cdf-bb29-9bac72322129.png,1,1,1,1
709,b45f3682-8719-4fad-b102-ec5b995b40ce.png,0,1,0,0
710,b48cde6e-293d-43dd-9c2c-bb4a6eeede50.png,0,1,0,1
711,b4a7691e-a80d-4c91-9b48-f07417ae5a3f.png,1,0,1,1
712,b4d7e622-bf4a-4a86-9aca-0d875cb3ce75.png,1,1,1,1
713,b5122aed-4b27-47f0-94cd-4ed36ebf9b60.png,1,1,1,1
714,b5356ccf-2730-40e1-b943-511c08be8c44.png,1,0,1,1
715,b65dfc26-1948-4c4b-a01f-8fc56ac6aecd.png,1,1,1,1
716,b6a0ed52-7afa-4c3f-9387-0256945ca0aa.png,1,0,0,0
717,b6aab523-578c-47f0-b6b9-2a9ac61e35f7.png,1,1,0,1
718,b6f5113a-4814-489b-acb6-dc08ee8024e1.png,1,1,0,1
719,b7112d8f-80c5-4cfc-8243-72d7d98e2551.png,1,0,1,1
720,b71f5c65-0fc9-4deb-86a4-c4f0e0134ac1.png,1,1,1,1
721,b72fd85d-e866-4b81-a7bd-fabe640f8204.png,1,1,1,0
722,b75642dd-439c-417b-8425-26236686c8bb.png,1,1,1,0
723,b8122472-2624-49f6-bc2d-a1737f69f5fd.png,0,1,1,1
724,b818aa82-7b1a-4b01-9dc2-4945a99fd7e9.png,0,1,1,1
725,b829c025-cc8c-4f15-a1e3-f5d05faf9bfd.png,1,0,1,1
726,b862209b-b5be-4b0f-a966-52df783ddd68.png,0,1,1,1
727,b89318a5-600d-4b8e-a9d3-7bd9e444b4d7.png,1,1,1,1
728,b8bf819e-17eb-45c2-a937-e8ce3e56c059.png,1,0,1,1
729,b98c00e5-b466-4aca-bd50-ced6494e6e13.png,1,1,1,0
730,b9bc93cc-39c9-48aa-8240-7791e21fb873.png,1,1,1,1
731,ba7c1da0-b5dc-4bfe-8fe2-dbb238aa6d95.png,1,1,0,1
732,ba877006-44c5-4b7d-9d8a-6d42e472270c.png,1,0,1,1
733,bacd609e-5eee-4200-9be6-a43ddbbec04e.png,1,1,0,1
734,bb380070-c16f-4a27-9087-e53ddc7663c2(1).png,1,0,1,1
735,bb380070-c16f-4a27-9087-e53ddc7663c2.png,1,0,1,1
736,bb38b9e0-12b3-4f8b-bab8-7fd55cde08dc.png,1,1,1,1
737,bb4823a2-49dd-49ff-92c0-07c0b9ff2ee0.png,1,0,1,1
738,bb92b6c2-e971-4ebe-bcf7-233b5df68fcd.png,1,0,1,0
739,bbd50968-3394-4586-9c2b-8bdbffbacad4.png,1,1,1,0
740,bc09db3b-dedf-49da-946c-efdf2304551b.png,1,0,1,1
741,bc701b36-f2b1-48b6-9091-91abd038a983.png,1,1,0,1
742,bc74eab0-561e-46e2-bc9f-299f55a91353.png,1,1,1,1
743,bc9ed9f3-a42b-48e5-b984-d517b9953c39.png,0,1,1,1
744,bd8152e7-4e56-4dfd-8282-c13541e43c68.png,1,1,1,1
745,bdfe9a02-3be5-4138-9059-95e2e64e29bc.png,1,1,1,1
746,be319dae-970e-475f-a9eb-efcb32f45ccd.png,1,1,1,0
747,be506e3d-9604-4236-8a1b-05403ca54f41.png,0,1,1,1
748,be5d782d-6710-4f8d-86bb-f9c98b5c7bd1.png,0,1,1,1
749,be77b22b-a14e-42cb-bef1-8d868da3870a.png,1,1,1,1
750,be7cae0c-5137-4efb-af7d-4d48eb0ae3dc.png,1,1,1,0
751,bed3714e-e451-413c-8b8a-c52de4689d9d.png,0,1,1,0
752,bfbeb1d8-34d8-47c0-b277-6098ee6694ec.png,1,0,0,1
753,bfc81fc8-05e6-4253-88a5-4d0fb6f6020b.png,1,1,1,0
754,c052a4cd-1a4f-417a-90f0-2ff10de41973.png,1,1,1,1
755,c0e23b25-b3f7-40d4-859c-763ce43a3e7e.png,1,1,1,1
756,c0f43dc1-53eb-4cfc-a40c-dc8277e1cc9e.png,1,1,1,0
757,c15cc147-620e-44b7-96ad-2b463a4d92b3.png,1,1,1,1
758,c199cf6d-7719-4d5f-abd6-0c843503781d.png,1,1,1,0
759,c1a2fd48-2104-44b9-9bdc-141ad648e59a.png,0,1,0,1
760,c1ec0586-ae78-4c8d-b7e5-37ccd9c7152d.png,1,0,1,1
761,c20209d8-05d6-466b-9d4a-c390f4ecc8d9.png,1,1,1,1
762,c217a6bd-bd72-4fc2-8c9b-e9d054474ea0.png,0,1,1,0
763,c23d768e-ea59-42c8-93fc-98d2cfb43467.png,0,1,1,1
764,c2abd239-33a2-44a6-9aa1-3e7594f11572.png,1,1,0,1
765,c393d8f9-f220-4dce-8e0e-ee278ccc5654.png,1,0,1,0
766,c3aebe68-75b1-471c-bb3f-e13f2d2d4a63.png,1,1,1,1
767,c419b6e9-cc88-41e5-8ac3-e668c1ed22d5.png,1,1,1,0
768,c44a3c56-a8b3-4746-a560-07113c13a2c0.png,0,1,1,1
769,c44c2ae6-66d3-4ad7-8a45-ff7780756cc7.png,1,0,1,1
770,c47454f4-6357-4980-8f95-31c1f57cb6cc.png,1,1,0,1
771,c492bc5a-21ff-4217-b7a3-6612ef4e99c8.png,1,1,1,0
772,c4ab5d28-12b6-4906-9b2c-3383f0d91436.png,1,1,1,1
773,c4ae9009-341b-472c-b133-0b3f9820dce6.png,1,1,1,1
774,c55fe5f0-b030-4a11-a2ce-264534b30d09.png,1,0,1,0
775,c56309a1-4f3b-4351-be61-123328ca0b93.png,1,1,0,0
776,c597cf00-3cfb-426b-bf91-e7ffbe5bea4a.png,1,1,1,1
777,c6416c5a-49ec-4d58-ba9c-c2e808dbc807.png,1,0,0,1
778,c6ed9bdd-3035-4672-ab3c-3c73b46be6a8.png,0,1,1,0
779,c72ea2da-7882-4b95-b775-8c33c269231c.png,1,1,1,1
780,c7aba18b-e81b-41c5-b4fb-c094a0ff4d46.png,1,1,1,1
781,c7ad319c-849a-4472-8c88-9fed5d533644.png,1,1,1,1
782,c8295b75-2a5a-44e9-a74d-02855841f7b1.png,1,1,1,1
783,c85770fe-722f-47c9-80ca-02209e521044.png,1,1,0,1
784,c8801d37-2b72-4b2a-a323-efb08482586f.png,1,0,1,0
785,c8eb389a-f5fb-4664-a4e7-c99e1077aebe.png,1,1,1,1
786,c92b2041-dda4-496d-97f0-9080cdb9c65d.png,1,1,1,1
787,c9743136-ca96-4b32-ae96-6562b8fa63de.png,1,1,1,1
788,c978e3cf-7fdf-4d59-add3-e22d85e55d16.png,0,1,1,1
789,ca08b3c3-c2b4-4733-b4c3-87cd7f16e9a8.png,1,1,1,1
790,ca21c719-02bb-4be2-96a7-bc716212c4ea.png,1,1,1,1
791,ca8bc13d-fd74-413c-99b3-e4ec7c994155.png,1,1,1,0
792,ca902da2-19c0-45cf-8449-fd47044e7aab.png,1,1,1,1
793,caa4223d-22bd-490c-a262-db1f0f30ede2.png,1,0,1,0
794,cb0c9c75-3e05-4759-9bad-8c3550ffcba2.png,1,1,1,1
795,cb0eb6e5-ed17-4f1f-af6d-33dc6fa7843f.png,1,1,1,1
796,cb146e95-2554-42a4-ac97-3094660c7543.png,1,0,0,1
797,cbad407b-8ca0-4916-8149-57af1adbc343(1).png,0,1,1,1
798,cbad407b-8ca0-4916-8149-57af1adbc343.png,0,1,1,1
799,cbfb5e70-7ea3-49a9-a980-2f4cdb83f1fe.png,1,0,1,1
800,cc72c215-c103-41f2-b03b-926715a94ded.png,1,1,0,0
801,ccae8862-1bda-4076-8589-d790271acfa4.png,1,1,1,1
802,ccb1fa64-1a46-4680-82e3-178495a9121c.png,1,1,0,1
803,ccd13dcb-42a7-4cfb-bf0e-e7f3ed91f321(1).png,1,1,0,0
804,ccd13dcb-42a7-4cfb-bf0e-e7f3ed91f321.png,1,1,0,0
805,cce4da54-dd68-4f0e-95bc-fa96bee18500.png,1,1,1,1
806,cd3670ba-5a6a-48a0-a7e8-5e2689647eb7(1).png,1,0,1,1
807,cd3670ba-5a6a-48a0-a7e8-5e2689647eb7.png,1,0,1,1
808,cd387484-ddbf-409a-849d-b7984e5ea68c.png,0,1,0,1
809,cd57fa97-7416-4542-b0e8-4c5dcf6a8b54.png,1,1,1,0
810,cd5cdd65-986e-4abd-af4e-6961ca3a2946.png,1,1,1,1
811,cdad9d88-1cf0-4a09-a445-fadc16e15d36.png,1,1,1,0
812,cddb9cd3-1d45-4a29-a4d3-e647e67c3342.png,0,1,1,1
813,cde58301-2137-4456-9e0f-f920a85873d5.png,1,1,1,1
814,ce4f3911-e435-47cd-adab-f78ded846ab2.png,1,0,0,1
815,ce767590-4f65-4501-9ec1-6295540d2d0a.png,1,1,1,1
816,ce94b80f-acfd-4eae-9093-824a51728aae.png,1,1,1,1
817,ceae397a-797e-4b75-bd51-59ecb0a9d0f0.png,1,1,1,1
818,cee0833c-40d2-4dec-b3c6-745fbba6ef2e.png,0,1,1,1
819,cf256788-a693-489b-970f-7146f81f9e68.png,1,1,1,1
820,cf4cc71c-3ff9-428a-b09d-7530f3f619be.png,1,1,1,1
821,cf6f900e-999f-4af4-b3a7-156bdf398219.png,1,1,1,1
822,cf7c4d72-f1bc-4eac-bb2c-2374eb02f304.png,1,1,1,0
823,cfaf1675-688a-499c-8e9d-05843bdd04e7.png,1,1,1,1
824,d000aed7-d269-438e-b23b-6f34b8b0bc04.png,1,1,1,0
825,d06cb3b8-d890-4ee4-ba16-b18259be4aba.png,1,1,1,0
826,d14a5b0c-233e-4118-9ffb-fa38de0887fc.png,1,1,0,0
827,d15d5a7d-dc7c-44e2-b3f7-e266a1583eea.png,1,1,0,0
828,d25b389f-aff6-4120-926e-b8b46bc126e9.png,1,1,0,1
829,d2fd14ab-fd24-4733-b03f-628138d5114f.png,1,1,0,1
830,d381aeb5-f77b-4644-86f7-e5b85efaba41.png,1,1,1,1
831,d38d46ca-e664-43d4-8685-4fbabb4249f7.png,1,1,1,1
832,d3d03667-749e-4b8d-8b19-5ea83875ed9f.png,1,1,1,1
833,d3ecf8b1-ac18-49e3-9fd4-1d75e6ba76f1.png,0,0,1,1
834,d5be973c-0ceb-4d99-8a17-0d5c7e9e0a77.png,1,0,1,1
835,d5dc8b00-dbf1-45c9-bb5b-7263f12c96c2.png,1,1,1,1
836,d5ef999e-ff9e-45a1-ac4d-ca07475230e8.png,1,1,1,1
837,d5f95486-2cab-4ef0-875e-d51210d2f4e8.png,1,0,1,1
838,d663cabc-b731-42d5-8cbd-cd35fb0bc9df.png,1,1,1,1
839,d6a17a89-3ce6-4634-ac22-9bc06dbbb857.png,1,1,1,0
840,d6a91bca-10e9-4cde-bdb8-39854ae70a12.png,1,1,1,0
841,d6babc44-503f-42fe-ac6c-14dc0c1c4465.png,1,0,1,1
842,d6f0e707-ddbe-4bbd-9424-70f9892d82b7.png,1,0,1,1
843,d7787927-453a-41b1-87f8-65edd7dc9304.png,1,1,0,0
844,d785797f-fc3e-4925-9263-7b39a8498c81.png,1,1,1,0
845,d7993a85-3b5a-4bda-b8d9-8807e09e4023.png,0,0,1,1
846,d7afcc9d-ac0c-4c84-9f8c-e7317c6de49e.png,1,1,0,0
847,d7dfa308-4827-4625-9226-db31170fe44b.png,1,1,1,1
848,d8187d1b-9766-419e-929e-aece4e160f6e.png,1,1,1,1
849,d828bfe6-04eb-4695-8c93-aa175b042cbf.png,1,1,1,1
850,d852c2a6-07b8-4526-b089-c5330f0a6439.png,1,1,0,1
851,d88645c2-f98f-44f9-bca8-57c55f447bbc.png,1,1,1,1
852,d986bb60-107f-4d0d-b795-155908d44ead.png,0,1,1,1
853,d9b63b7b-7b1a-4dde-b518-cde09e087470.png,1,1,1,1
854,da0b7036-ab2e-4c42-b195-c03e69be3507.png,0,1,0,1
855,da33ace4-981e-42cd-8900-6fd29af4b848.png,1,1,0,0
856,da63f25b-b65e-40f7-8a6b-e83fdbfc5e17.png,1,1,0,1
857,db41bea0-1c94-4b9a-94a1-c42e3807733f.png,1,1,1,1
858,dbd94b7a-07a5-4e2e-be29-519138ebe436.png,1,1,0,1
859,dbea2de5-4167-452c-9c2a-4b8559eb0dde.png,1,1,1,1
860,dc0832e9-b89d-4796-a226-16b1df81e609.png,1,0,0,0
861,dc7b83d2-6490-4505-935a-001f92fe86b1.png,1,1,1,1
862,dc8b1d27-8d8f-4a6e-a0f1-1a08b58ce603.png,1,1,1,1
863,dcdce20a-48ae-43ef-bd84-32694c3c784d.png,1,1,1,1
864,dce705da-3185-4243-9820-83513f6c5eae.png,0,1,1,1
865,dcecff25-8db8-4b67-bf36-6ec86a483b75.png,1,1,1,1
866,dd118dbd-2277-4123-964d-2b0afe0dfa16.png,1,1,1,1
867,dd1af798-1677-4610-82aa-372c02ce6081.png,1,0,1,1
868,ddec224b-863e-4c65-9cb1-c3feb9942ae1.png,1,1,1,1
869,de1ea862-d8f1-4d8a-8bcb-7c9b6a77cdff.png,1,1,1,1
870,de2094cb-78d2-4257-a483-c59737e1525e.png,1,1,1,1
871,deab0c65-e9ee-4b1a-b062-0cc6aea3fee3.png,0,1,1,1
872,ded8e257-316a-47d2-886b-a6d261dbeb91.png,0,1,1,1
873,df5a96c9-13d3-48d7-acb0-f941ac908459.png,1,1,0,1
874,df5cb19e-d61f-4f55-8f02-1624c3d751f9(1).png,1,1,1,1
875,df5cb19e-d61f-4f55-8f02-1624c3d751f9.png,1,1,1,1
876,df66b947-f01e-492e-9840-581255f40958.png,1,1,0,0
877,dfbcd093-9365-49d8-b3a2-a202c4ade034.png,0,1,1,1
878,dfe75996-a16b-42c1-a524-c6dca3f7c770.png,1,1,1,1
879,e03fd91e-dce8-4f42-889e-69bf904feb7e.png,1,1,1,1
880,e0b99e4e-1634-471d-b50b-8d6e292db030.png,1,0,0,1
881,e0c4b572-5642-4358-b0d2-442d55eddeae.png,1,1,0,1
882,e1b489c4-6eb3-42f0-888e-212f838302f4.png,0,1,1,1
883,e1d596b1-462f-4adf-b4a6-11773462b108.png,1,1,0,1
884,e1d7cd7b-4c90-4112-adfa-cebb50a9bc27.png,1,1,0,1
885,e1e344b0-7c88-47b4-80df-a903fb838a7c.png,1,1,1,1
886,e1f47458-aba8-4164-b2c7-dcb9ae5fb55d.png,1,0,0,0
887,e211f9d3-04cd-4ae8-9b24-a11bd70cc5ad.png,1,1,1,1
888,e22b313a-5212-4cae-a9d8-cb017cc73505.png,1,1,1,1
889,e2427ad7-2792-4bc8-aeb2-d1ae0e311157.png,0,1,0,1
890,e244b611-72e3-4bb2-ba2e-e1c610d69f25.png,0,1,0,1
891,e26e291a-3498-4493-9914-c025b7c82193.png,1,1,1,1
892,e2750082-671c-4a63-8616-03d7031e42c6.png,1,1,0,1
893,e35765f4-1adc-4b9f-a182-aeada3828872.png,1,1,0,1
894,e37f730b-c3de-4640-90b6-6683d57ffe51.png,0,1,1,0
895,e3b03758-3d8f-46ad-aabb-a7f2ce0fc273.png,1,1,0,0
896,e3cc7a7c-fb52-4943-b21a-7f87300e6638.png,1,1,1,1
897,e40c9844-abe4-468c-a129-5bdd1fe9a5ee.png,1,1,1,0
898,e41301d2-8d1a-4592-b8d6-6719e0906516.png,1,1,1,1
899,e4946b39-6a24-4ac5-939e-4c509908f8e1.png,0,1,1,1
900,e4a19f6e-32a2-44dc-a115-2fb129a5dea9.png,1,1,1,1
901,e4e46727-58d5-4102-816d-c54a6cafd788.png,1,1,1,1
902,e5051601-970f-494d-a0aa-80caa0501fac.png,1,1,1,1
903,e5166ad2-6e09-434a-9b47-3d55c37ca0ab.png,1,0,1,1
904,e526b0e5-ad2e-45ba-915b-c4f36e700dd7.png,1,1,1,1
905,e52db44e-e38d-44bf-bffb-efe7e0aaa697.png,1,1,1,1
906,e533d5bc-9072-4856-95f4-e91cf668f43c.png,1,1,0,1
907,e53bd73f-b44a-4d34-a947-5780df3352c3.png,1,1,0,1
908,e54e5ecb-7892-4354-8659-05559790e132.png,1,0,1,1
909,e552c914-942e-485c-8ac3-f14463c67802.png,1,1,1,1
910,e5643c57-324b-4106-a199-b7cf766ad959.png,1,1,1,1
911,e60bd882-582f-4cf7-980e-64c83638db6e.png,0,1,1,1
912,e614ef01-0828-4365-8787-3aa0fde10215.png,1,1,1,1
913,e615a7ad-c78f-45a1-bcb0-e130ff1d5588.png,1,1,1,1
914,e6483ac5-02c3-4252-bd44-7cff8183d109.png,1,0,1,0
915,e67d4cf8-225d-4a9f-be75-88327002e5e1.png,1,1,1,1
916,e6cf371c-8eeb-4685-803a-743ab1d06c67.png,1,1,1,1
917,e7021626-c2a2-4f6e-b950-0590810d7fc4.png,0,1,1,1
918,e70469c4-ff91-4d5b-90db-48eb1e0d7b04.png,0,1,1,1
919,e739c3c9-e282-45ea-94fa-eb16ffdbea49.png,1,1,1,1
920,e757717b-8b38-4a78-aa77-f956052d215d.png,1,1,1,1
921,e77afd4b-7493-4c73-ab60-abcc6aa8dc22.png,1,0,1,1
922,e7d52da9-956b-4841-a4c2-846c4a474e0a.png,1,1,1,1
923,e81ee8ae-0565-4f2e-a967-b69a8404e8bf.png,1,1,1,1
924,e892b8dd-d401-4095-913a-8045e93f4966.png,1,1,1,1
925,e9032c2c-bb14-43f9-8c54-a5d91c5fb4b0.png,1,0,0,1
926,e90aca9b-a55e-4a86-8a54-d6687edef5cd.png,1,1,1,1
927,e92ef973-c907-4be8-94ff-4992f6d12451.png,1,1,1,1
928,e9885a8f-08de-4dd5-aa66-8481bdbfcc7e.png,1,1,0,1
929,e9c69f56-0e17-4be4-a97e-61cf3994e302.png,0,1,1,0
930,e9ef6a68-42c9-4328-9dd3-469c14b8eee6.png,1,1,0,1
931,e9f32029-8afc-4995-ad9c-f10de7d3bcd0.png,0,1,1,1
932,ea0a0ffd-aca5-455c-8cc1-367cc5ce5880.png,1,1,0,1
933,eab34568-37e8-44fe-a54b-dc74ed03020f.png,1,1,1,1
934,eac96f9f-05b2-43e4-8c1f-d2a85a5c3223.png,1,0,1,0
935,eb21351a-e3f4-4917-a2d4-d2524ebd35b9.png,1,1,0,0
936,ebfa15a6-ac6f-4e77-9d0c-cebede968e99.png,0,1,1,1
937,ec412acb-a354-4ea1-9893-e2588819ee35.png,1,0,1,1
938,ec7fbf5e-0c9f-4bb3-8767-3673a2244f9e.png,1,1,1,1
939,ecbce92f-9359-4201-b9d2-b06512a51184.png,1,1,1,0
940,ed48e8e6-6045-42ab-95b7-29f25c0f5375(1).png,1,1,1,1
941,ed48e8e6-6045-42ab-95b7-29f25c0f5375.png,1,1,1,1
942,ed795cd8-8bc2-403d-8e9d-14d8f8553fc1.png,1,1,0,1
943,ed91fb63-71d0-4da0-bb6f-ef7c3b30ce7f.png,0,1,0,1
944,eddab9ff-7653-45f4-a6d0-3c41935ea7ce.png,1,0,1,1
945,ee0a110b-e186-43a6-a5e9-fcf79aa554b7.png,1,1,0,1
946,ee6bd086-c827-48e0-bd17-f409196591e5.png,0,1,1,1
947,eebc27d7-defc-421a-ae7b-e6f5c64297d0(1).png,1,1,1,1
948,eebc27d7-defc-421a-ae7b-e6f5c64297d0.png,1,1,1,1
949,eee0be4c-3b17-43de-97a6-5811ee16cf76.png,1,0,0,1
950,ef3349bf-ee0d-4c67-9d36-d99251dbe2c9(1).png,1,1,0,0
951,ef3349bf-ee0d-4c67-9d36-d99251dbe2c9.png,1,1,0,0
952,ef51cda3-e244-4d64-909c-08361b0009ca.png,0,1,1,0
953,ef8e6e13-4d45-4bca-a18d-d3747c78f7fa.png,1,1,0,1
954,efe25224-d09b-47e3-a0d8-696f30d9a7e6.png,0,1,0,1
955,efe39420-6018-4aa1-90a7-a013ae9addb2.png,1,1,1,1
956,f011e224-8ea3-4d46-bad0-56c90ec6c417.png,1,1,1,1
957,f083038d-ba0b-444f-8dae-0fc1f4971fff.png,1,1,1,0
958,f0ada8e5-34a2-4980-9bea-3182f09a7a94.png,1,1,0,1
959,f1111095-f68b-4b96-bdaf-5883651f3298.png,0,1,0,1
960,f152edaf-f64e-4cde-b03a-de44b4bac4df.png,1,1,1,1
961,f200a17a-01a2-40ad-996f-32ce7ebd88d4.png,1,1,1,1
962,f228962a-2f34-4d6f-b016-1b3482c006c3.png,1,1,1,1
963,f26206f6-817c-4f04-b1f5-a70d02fd301f.png,1,1,0,1
964,f2711335-af4e-4de9-9df8-7ab234e91f2f.png,0,1,1,0
965,f2929422-c0eb-45b0-ad8d-045b9b27c57c.png,1,0,1,0
966,f2a73ffb-8225-464b-a585-f8ff1b1d1b15.png,1,1,1,1
967,f2ae3c53-6428-42fd-bdc7-d7d47a3150f0.png,1,1,1,1
968,f2f5972e-88dd-4b5a-936d-5ca18006db57.png,1,0,1,1
969,f30e7472-85f8-40a7-b4c2-bb80caea2c04.png,0,1,1,0
970,f3724c05-515b-48a7-b99e-2bed4f7309c1(1).png,0,1,1,1
971,f3724c05-515b-48a7-b99e-2bed4f7309c1.png,0,1,1,1
972,f37c4cc2-426f-4013-9243-72b8eb2637c2.png,0,1,1,1
973,f39114f0-3b98-4822-8aa8-95c5a0dcd884.png,1,1,1,0
974,f4706545-4cab-4746-bdcc-54abe1e60bd0.png,1,0,1,1
975,f5348210-727a-4784-a65a-1292bf8f0b04.png,1,1,1,1
976,f538868b-14fb-417d-970f-7a9544bc75c0.png,1,1,0,1
977,f59b6ca4-d9d7-4485-a357-78b3ff30c85e.png,1,1,0,1
978,f5eb3545-b63b-4e75-af60-33aba7fe03f2.png,1,0,0,1
979,f627c30f-21bd-4a05-9a07-39db80fcfb0c.png,1,1,1,1
980,f710b533-2b4e-46eb-9063-dd7ab1fa4ba2.png,1,1,1,1
981,f71529a3-ef84-431e-99ea-b176ac97a70a.png,1,1,1,1
982,f7344944-f099-4eca-83e5-cca88a794d4d.png,1,1,1,1
983,f790ca40-1f61-4ec2-978f-73831a0456fd.png,1,1,1,1
984,f7ac5692-0e7d-4d45-8f7c-ce3db5fafe7f.png,1,1,1,1
985,f7aeb77c-1283-45fc-ba77-6f15c66f3531.png,1,1,1,1
986,f7dcfff5-b4da-42d5-82c2-dbdcce52bd1b.png,1,0,1,0
987,f880b895-715f-4759-888b-f73b5f46c9a6.png,1,1,1,1
988,f8c3aac6-6437-4f54-a0c1-7c10ba96511a.png,1,1,1,0
989,f92609f6-a229-4e70-95a4-84cde6cd064c.png,1,1,1,1
990,f99e7c39-2310-47b4-8827-dda129130cf1.png,1,1,1,1
991,f9caee66-5c30-4dd1-9db7-1f7bf34f9e79.png,1,0,1,0
992,fa768a2e-f8bf-418c-98c0-a5cd78cbf2b1.png,0,1,1,1
993,fa8436d0-45ab-4d33-a3e4-5beef66d958c.png,1,1,1,1
994,fa991e84-2a20-4df5-980f-bd5e6646a667.png,1,0,1,1
995,faa867f4-585a-4e08-adeb-cc597b29488e.png,1,1,1,1
996,fad72b42-1730-4624-9d91-c7f664bc3960(1).png,1,1,1,1
997,fad72b42-1730-4624-9d91-c7f664bc3960.png,1,1,1,1
998,faef8df3-bc69-4c22-a18f-fe42516d857f.png,1,1,1,1
999,fb44f440-58eb-4857-a81a-a7bf37ef2d15.png,1,1,1,1
1000,fbd259f8-6600-4197-8bc0-2ce5897723b3.png,1,1,0,1
1001,fbe18a1d-a194-4581-ad61-8aff1dcf045d.png,1,1,1,1
1002,fbecb608-ecc5-4b0c-95aa-8690ef5146e6.png,1,1,1,1
1003,fbf6ab86-ce4e-4f9c-8a07-d4c123a0542c.png,1,1,1,1
1004,fc1858cb-36ca-41d5-ab18-12e9ef88fa76.png,1,1,1,1
1005,fc1b2407-6afd-4ec1-8091-fc0aabedd982.png,1,1,1,1
1006,fc24a220-e09e-46de-a097-826b620d63f9.png,1,1,0,1
1007,fc34e5b4-0909-43b3-a286-c9bf95cf91e4.png,1,1,1,1
1008,fc76d836-d7c8-4b6a-9b89-3e6d315bae3a.png,1,0,1,1
1009,fd15e2f7-40bf-4d8f-8937-3dbd6d5035f5.png,1,1,1,1
1010,fd194824-34b6-41ec-962a-c7c3ea960df3.png,0,0,1,1
1011,fd632fbb-54f1-463b-ad4d-e12018b9bab4.png,0,0,1,1
1012,fd6332f7-ddd2-4891-9d7c-400066931ded.png,1,1,1,1
1013,fd63bf11-1cee-41a1-9ee6-6fb7944ea964.png,1,0,1,1
1014,fd9101eb-2e27-477f-9004-a84e83d5c17e.png,0,1,1,1
1015,fd9bbe6d-4b41-424b-9261-a1252100bd57.png,1,1,1,1
1016,fde40a1c-64c1-4503-a3c9-139425bbfe38.png,1,1,1,1
1017,fe561590-1c7e-4b5a-a8df-6de3bab2bb34.png,1,1,1,0
1018,fe579857-f073-4e1f-b70f-dea81f38bd31.png,1,1,1,1
1019,fe9fc73f-11e2-4c0c-8905-9b9a06fa6186.png,0,1,0,1
1020,ffb22974-55bc-49fc-a1fa-b3ac650cea6f.png,1,1,1,0
